{
  "Total" : {
    "transaction" : "Total",
    "sampleCount" : 50,
    "errorCount" : 50,
    "errorPct" : 100.0,
    "meanResTime" : 16.939999999999998,
    "medianResTime" : 1.0,
    "minResTime" : 0.0,
    "maxResTime" : 70.0,
    "pct1ResTime" : 66.9,
    "pct2ResTime" : 67.44999999999999,
    "pct3ResTime" : 70.0,
    "throughput" : 64.35006435006436,
    "receivedKBytesPerSec" : 162.2576817889318,
    "sentKBytesPerSec" : 0.0
  },
  "HTTP Request" : {
    "transaction" : "HTTP Request",
    "sampleCount" : 50,
    "errorCount" : 50,
    "errorPct" : 100.0,
    "meanResTime" : 16.939999999999998,
    "medianResTime" : 1.0,
    "minResTime" : 0.0,
    "maxResTime" : 70.0,
    "pct1ResTime" : 66.9,
    "pct2ResTime" : 67.44999999999999,
    "pct3ResTime" : 70.0,
    "throughput" : 64.35006435006436,
    "receivedKBytesPerSec" : 162.2576817889318,
    "sentKBytesPerSec" : 0.0
  }
}