{
  "Total" : {
    "transaction" : "Total",
    "sampleCount" : 50,
    "errorCount" : 0,
    "errorPct" : 0.0,
    "meanResTime" : 270.82,
    "medianResTime" : 377.5,
    "minResTime" : 27.0,
    "maxResTime" : 597.0,
    "pct1ResTime" : 533.9,
    "pct2ResTime" : 579.35,
    "pct3ResTime" : 597.0,
    "throughput" : 57.537399309551205,
    "receivedKBytesPerSec" : 197.84099899309552,
    "sentKBytesPerSec" : 6.5179085155350975
  },
  "HTTP Request" : {
    "transaction" : "HTTP Request",
    "sampleCount" : 50,
    "errorCount" : 0,
    "errorPct" : 0.0,
    "meanResTime" : 270.82,
    "medianResTime" : 377.5,
    "minResTime" : 27.0,
    "maxResTime" : 597.0,
    "pct1ResTime" : 533.9,
    "pct2ResTime" : 579.35,
    "pct3ResTime" : 597.0,
    "throughput" : 57.537399309551205,
    "receivedKBytesPerSec" : 197.84099899309552,
    "sentKBytesPerSec" : 6.5179085155350975
  }
}